theme_id,industry_id,theme_code,Industry,Theme,Companies_Count,Filename,Match_Info
AG_BIO,AG,BIO,Agriculture,Biotechnology in Agriculture,75,biotechnology_rd.csv,Fuzzy (86)
AG_AGR,AG,AGR,Agriculture,Agribusiness,67,agribusiness.csv,Exact
AG_AG1,AG,AG1,Agriculture,Agricultural Processing,23,agricultural_processing.csv,Exact
AG_SUS,AG,SUS,Agriculture,Sustainable Agriculture,23,sustainable_agriculture.csv,Exact
AG_AG2,AG,AG2,Agriculture,Agriculture Technology,19,agricultural_technology.csv,Fuzzy (93)
AG_PRE,AG,PRE,Agriculture,Precision Agriculture,12,precision_agriculture.csv,Exact
AG_BI1,AG,BI1,Agriculture,Biotechnology in Agriculture,10,biotechnology_in_agriculture.csv,Exact
AG_CRO,AG,CRO,Agriculture,Crop Protection,6,crop_protection.csv,Exact
AU_AUT,AU,AUT,Automotive,Automotive Technology,75,automotive_technology.csv,Exact
AU_ELE,AU,ELE,Automotive,Electric Vehicles,75,electric_vehicles.csv,Exact
AU_AU1,AU,AU1,Automotive,Automobile Manufacturers,68,automobile_manufacturers.csv,Exact
AU_AU2,AU,AU2,Automotive,Automotive Electronics,56,automotive_electronics.csv,Exact
AU_AU3,AU,AU3,Automotive,Autonomous Vehicles,45,autonomous_vehicles.csv,Exact
AU_AU4,AU,AU4,Automotive,Autonomous Driving,40,autonomous_driving.csv,Exact
AU_CON,AU,CON,Automotive,Connected Vehicles,39,connected_vehicles.csv,Exact
AU_VEH,AU,VEH,Automotive,Vehicle Software,38,electric_vehicle_charging.csv,Fuzzy (86)
AU_AU5,AU,AU5,Automotive,Automotive Semiconductors,36,automotive_semiconductors.csv,Exact
AU_COM,AU,COM,Automotive,Commercial EVs,34,leasing_of_commercial_spaces.csv,Fuzzy (86)
AU_AU6,AU,AU6,Automotive,Automotive Telematics,31,automotive_telematics.csv,Exact
AU_VE1,AU,VE1,Automotive,Vehicle Software,29,vehicle_software.csv,Exact
AU_EL1,AU,EL1,Automotive,Electric Vehicles,28,commercial_electric_vehicles.csv,Fuzzy (90)
AU_AU7,AU,AU7,Automotive,Automotive Sensors,24,automotive_screens.csv,Fuzzy (83)
AU_AU8,AU,AU8,Automotive,Automotive Steel Products,23,home_products.csv,Fuzzy (86)
AU_AUT_10,AU,AUT_10,Automotive,Automotive Sensors,22,automotive_sensors.csv,Exact
AU_AUT_11,AU,AUT_11,Automotive,Automotive Steel Products,11,automotive_steel_products.csv,Exact
CR_ADV,CR,ADV,Consumer and Retail,Advertising,75,advertising.csv,Exact
CR_CON,CR,CON,Consumer and Retail,Consumer Behavior,75,consumer_behavior.csv,Exact
CR_CO1,CR,CO1,Consumer and Retail,Consumer Brands,75,consumer_brands.csv,Exact
CR_CO2,CR,CO2,Consumer and Retail,Consumer Products,75,consumer_products.csv,Exact
CR_CLO,CR,CLO,Consumer and Retail,Clothing And Accessories,75,credit_and_loans.csv,Fuzzy (86)
CR_ECO,CR,ECO,Consumer and Retail,E-Commerce,75,electronic_commerce.csv,Fuzzy (80)
CR_CL1,CR,CL1,Consumer and Retail,Clothing And Accessories,75,food_and_drinks.csv,Fuzzy (86)
CR_LOY,CR,LOY,Consumer and Retail,Loyalty Programs,75,loyalty_programs.csv,Exact
CR_OMN,CR,OMN,Consumer and Retail,Omnichannel Strategy,75,omnichannel_strategy.csv,Exact
CR_RET,CR,RET,Consumer and Retail,Retail And Foodservice,75,retail_and_food_service.csv,Fuzzy (98)
CR_RE1,CR,RE1,Consumer and Retail,Retail Giant,75,retail_giant.csv,Exact
CR_RE2,CR,RE2,Consumer and Retail,Retail Segment,75,retail_segment.csv,Exact
CR_CO3,CR,CO3,Consumer and Retail,Consumer Electronics,73,consumer_electronics.csv,Exact
CR_HOM,CR,HOM,Consumer and Retail,Home Improvement,67,home_improvement.csv,Exact
CR_ONL,CR,ONL,Consumer and Retail,Online Shopping,62,online_shopping.csv,Exact
CR_CL2,CR,CL2,Consumer and Retail,Clothing And Accessories,61,clothing_and_accessories.csv,Exact
CR_RE3,CR,RE3,Consumer and Retail,Retail Innovation,55,innovation_in_retail.csv,Fuzzy (95)
CR_RE4,CR,RE4,Consumer and Retail,Retail Technology Solutions,55,retail_alliances.csv,Fuzzy (86)
CR_GRO,CR,GRO,Consumer and Retail,Grocery Retail,53,grocery_retailer.csv,Fuzzy (93)
CR_CO4,CR,CO4,Consumer and Retail,Consumer Packaging,49,consumer_packaging.csv,Exact
CR_ON1,CR,ON1,Consumer and Retail,Online Marketplace,48,online_marketplace.csv,Exact
CR_RE5,CR,RE5,Consumer and Retail,Retail Technology Solutions,47,retail_technology_solutions.csv,Exact
CR_RES,CR,RES,Consumer and Retail,Restaurant Expansion,45,restaurant_expansion.csv,Exact
CR_LEI,CR,LEI,Consumer and Retail,Leisure Products,39,leisure_products.csv,Exact
CR_PAC,CR,PAC,Consumer and Retail,Packaged Foods,39,packaged_foods.csv,Exact
CR_BEV,CR,BEV,Consumer and Retail,Beverage Innovation,38,innovation_in_technological_hardware.csv,Fuzzy (86)
CR_LUX,CR,LUX,Consumer and Retail,Luxury Branding,37,luxury_brand.csv,Fuzzy (89)
CR_CO5,CR,CO5,Consumer and Retail,Convenience Stores,35,convenience_stores.csv,Exact
CR_FRA,CR,FRA,Consumer and Retail,Franchise Model,35,franchise_model.csv,Exact
CR_SPE,CR,SPE,Consumer and Retail,Specialty Foods,33,specialized_foods.csv,Fuzzy (81)
CR_HEA,CR,HEA,Consumer and Retail,Health-conscious Branding,31,healthconscious_brand.csv,Fuzzy (93)
CR_FOO,CR,FOO,Consumer and Retail,Food Delivery,29,food_delivery.csv,Exact
CR_BE1,CR,BE1,Consumer and Retail,Beverage Innovation,24,innovation_in_beverages.csv,Fuzzy (86)
CR_DIS,CR,DIS,Consumer and Retail,Discount Retail,20,discount_retail.csv,Exact
CR_ON2,CR,ON2,Consumer and Retail,Online Marketplace,19,online_games.csv,Fuzzy (86)
CR_ORG,CR,ORG,Consumer and Retail,Organic Products,19,organic_products.csv,Exact
CR_FO1,CR,FO1,Consumer and Retail,Food Ingredients,17,food_ingredients.csv,Exact
CR_FO2,CR,FO2,Consumer and Retail,Footwear Innovation,16,innovation_in_footwear.csv,Fuzzy (95)
CR_SPO,CR,SPO,Consumer and Retail,Sporting Goods Retail,15,retail_sporting_goods.csv,Fuzzy (95)
CR_FAS,CR,FAS,Consumer and Retail,Fast Food Leader,14,fast_food_leader.csv,Exact
CR_PLA,CR,PLA,Consumer and Retail,Plant-based Alternatives,11,plantbased_alternatives.csv,Exact
CR_CO6,CR,CO6,Consumer and Retail,Consumer-to-consumer,10,consumer_to_consumer.csv,Fuzzy (95)
CR_PL1,CR,PL1,Consumer and Retail,Plant-based Products,9,plantbased_products.csv,Exact
CR_SUS,CR,SUS,Consumer and Retail,Sustainable Ingredients,9,sustainable_ingredients.csv,Exact
DA_AER,DA,AER,Defense and Aerospace,Aerospace Defense,75,aerospace_defense.csv,Exact
DA_DEF,DA,DEF,Defense and Aerospace,Defense Contracting,75,defense_contracting.csv,Exact
DA_DE1,DA,DE1,Defense and Aerospace,Defense Technology,75,defense_technology.csv,Exact
DA_MIL,DA,MIL,Defense and Aerospace,Military Applications,59,military_applications.csv,Exact
DA_AVI,DA,AVI,Defense and Aerospace,Aviation Systems,53,aviation_systems.csv,Exact
DA_DE2,DA,DE2,Defense and Aerospace,Defense Electronics,45,defense_electronics.csv,Exact
DA_SPA,DA,SPA,Defense and Aerospace,Space Exploration,41,space_exploration.csv,Exact
DA_MIS,DA,MIS,Defense and Aerospace,Missile Defense,32,missile_defense.csv,Exact
DA_AV1,DA,AV1,Defense and Aerospace,Aviation Safety,31,aviation_security.csv,Fuzzy (81)
DA_DE3,DA,DE3,Defense and Aerospace,Defense Drones,27,defense_drones.csv,Exact
DA_UNM,DA,UNM,Defense and Aerospace,Unmanned Systems,25,unmanned_systems.csv,Exact
DA_AV2,DA,AV2,Defense and Aerospace,Aviation Finance,13,aviation_financing.csv,Fuzzy (88)
EU_CLE,EU,CLE,Energy and Utilities,Clean Energy,75,clean_energy.csv,Exact
EU_CL1,EU,CL1,Energy and Utilities,Clean Energy,75,clean_energy_technology.csv,Fuzzy (90)
EU_ELE,EU,ELE,Energy and Utilities,Electricity Generation,75,electricity_generation.csv,Exact
EU_ENE,EU,ENE,Energy and Utilities,Energy Efficiency,75,energy_efficiency.csv,Exact
EU_EN1,EU,EN1,Energy and Utilities,Energy Infrastructure,75,energy_infrastructure.csv,Exact
EU_EN2,EU,EN2,Energy and Utilities,Energy Investments,75,energy_investments.csv,Exact
EU_EN3,EU,EN3,Energy and Utilities,Energy Sector,75,energy_sector.csv,Exact
EU_EN4,EU,EN4,Energy and Utilities,Energy Sector Supply,75,energy_sector_supply.csv,Exact
EU_EN5,EU,EN5,Energy and Utilities,Energy Solutions,75,energy_solutions.csv,Exact
EU_EN6,EU,EN6,Energy and Utilities,Energy Storage,75,energy_storage.csv,Exact
EU_EN7,EU,EN7,Energy and Utilities,Energy Transition,75,energy_transition.csv,Exact
EU_HYD,EU,HYD,Energy and Utilities,Hydrocarbon Production,75,hydrocarbon_production.csv,Exact
EU_REN,EU,REN,Energy and Utilities,Renewable Energy Integration,75,integration_of_renewable_energy.csv,Fuzzy (95)
EU_NAT,EU,NAT,Energy and Utilities,Natural Gas,75,natural_gas.csv,Exact
EU_NA1,EU,NA1,Energy and Utilities,Natural Gas Infrastructure,75,natural_gas_infrastructure.csv,Exact
EU_OIL,EU,OIL,Energy and Utilities,Oil & Gas Services,75,oil_and_gas_services.csv,Fuzzy (95)
EU_EN8,EU,EN8,Energy and Utilities,Energy Services,75,public_services_infrastructure.csv,Fuzzy (86)
EU_RE1,EU,RE1,Energy and Utilities,Renewable Energy,75,renewable_energy.csv,Exact
EU_CLI,EU,CLI,Energy and Utilities,Climate Tech,74,climate_technology.csv,Fuzzy (90)
EU_CL2,EU,CL2,Energy and Utilities,Clean Energy,70,compliance_with_energy_policies.csv,Fuzzy (86)
EU_OI1,EU,OI1,Energy and Utilities,Oil Production,68,oil_production.csv,Exact
EU_EL1,EU,EL1,Energy and Utilities,Electricity Transmission,66,electricity_transmission.csv,Exact
EU_NA2,EU,NA2,Energy and Utilities,Natural Gas Production,64,natural_gas_production.csv,Exact
EU_GAS,EU,GAS,Energy and Utilities,Gas Distribution Networks,62,data_networks.csv,Fuzzy (86)
EU_ENE_10,EU,ENE_10,Energy and Utilities,Energy Services,60,energy_services.csv,Exact
EU_LNG,EU,LNG,Energy and Utilities,LNG Projects,60,lng_projects.csv,Exact
EU_GA1,EU,GA1,Energy and Utilities,Gas Distribution Networks,59,gas_distribution_networks.csv,Exact
EU_WIN,EU,WIN,Energy and Utilities,Wind Energy,59,wind_energy.csv,Exact
EU_BAT,EU,BAT,Energy and Utilities,Battery Technology,58,battery_technology.csv,Exact
EU_UTI,EU,UTI,Energy and Utilities,Utility-scale Projects,56,utilityscale_projects.csv,Exact
EU_BA1,EU,BA1,Energy and Utilities,Battery Materials,48,agricultural_raw_materials.csv,Fuzzy (86)
EU_ENE_11,EU,ENE_11,Energy and Utilities,Energy Consultancy,48,solar_energy.csv,Fuzzy (86)
EU_ENE_12,EU,ENE_12,Energy and Utilities,Energy Exports,46,energy_exports.csv,Exact
EU_ENE_13,EU,ENE_13,Energy and Utilities,Energy Exploration,45,energy_exploration.csv,Exact
EU_HY1,EU,HY1,Energy and Utilities,Hydrocarbon Exploration,37,hydrocarbon_exploration.csv,Exact
EU_ENE_14,EU,ENE_14,Energy and Utilities,Energy Services,37,sustainable_public_services.csv,Fuzzy (86)
EU_CL3,EU,CL3,Energy and Utilities,Clean Energy,36,utility_scale_solar_energy.csv,Fuzzy (86)
EU_SHA,EU,SHA,Energy and Utilities,Shale Gas,34,shale_gas.csv,Exact
EU_CAR,EU,CAR,Energy and Utilities,Carbon Capture,33,carbon_capture.csv,Exact
EU_MIC,EU,MIC,Energy and Utilities,Microgrid Solutions,32,microgrid_solutions.csv,Exact
EU_COA,EU,COA,Energy and Utilities,Coal & Consumable Fuels,31,coal_and_consumable_fuels.csv,Fuzzy (95)
EU_OI2,EU,OI2,Energy and Utilities,Oil Exploration,31,oil_exploration.csv,Exact
EU_HY2,EU,HY2,Energy and Utilities,Hydrogen Fuel Technology,29,hydrogen_fuel_technology.csv,Exact
EU_OFF,EU,OFF,Energy and Utilities,Offshore Oil,27,offshore_oil.csv,Exact
EU_RE2,EU,RE2,Energy and Utilities,Renewable Energy Equipment,26,renewable_energy_equipment.csv,Exact
EU_BA2,EU,BA2,Energy and Utilities,Battery Materials,20,battery_materials.csv,Exact
EU_ENE_15,EU,ENE_15,Energy and Utilities,Energy Consultancy,12,energy_consulting.csv,Fuzzy (86)
EU_BA3,EU,BA3,Energy and Utilities,Battery Recycling,3,battery_recycling.csv,Exact
EU_BA4,EU,BA4,Energy and Utilities,Battery Swap Technology,1,battery_swap_technology.csv,Exact
EM_STR,EM,STR,Entertainment and Media,Streaming Platforms & Services,75,public_services.csv,Fuzzy (86)
EM_DIG,EM,DIG,Entertainment and Media,Digital Entertainment,63,digital_entertainment.csv,Exact
EM_ENT,EM,ENT,Entertainment and Media,Entertainment Industry,56,entertainment_industry.csv,Exact
EM_EN1,EM,EN1,Entertainment and Media,Entertainment Services,44,entertainment_services.csv,Exact
EM_ST1,EM,ST1,Entertainment and Media,Streaming Platforms & Services,40,streaming_platforms_and_services.csv,Fuzzy (95)
EM_SPO,EM,SPO,Entertainment and Media,Sports Entertainment,39,sports_entertainment.csv,Exact
EM_RES,EM,RES,Entertainment and Media,Resort Destinations,37,resort_destinations.csv,Exact
EM_EN2,EM,EN2,Entertainment and Media,Entertainment Resorts,35,entertainment_resorts.csv,Exact
EM_MED,EM,MED,Entertainment and Media,Media Broadcasting,33,media_broadcasting.csv,Exact
EM_ME1,EM,ME1,Entertainment and Media,Media Diversification,33,media_diversification.csv,Exact
EM_GAM,EM,GAM,Entertainment and Media,Gaming Industry,31,gaming_industry.csv,Exact
EM_ESP,EM,ESP,Entertainment and Media,Esports And Gaming,24,esports_and_gaming.csv,Exact
EM_ST2,EM,ST2,Entertainment and Media,Streaming Platforms & Services,24,full_load_services.csv,Fuzzy (86)
EM_VID,EM,VID,Entertainment and Media,Video Games,23,video_games.csv,Exact
EM_VI1,EM,VI1,Entertainment and Media,Video Games,22,video_game_technology.csv,Fuzzy (86)
EM_AUD,EM,AUD,Entertainment and Media,Audio Solutions,21,audio_solutions.csv,Exact
EM_INT,EM,INT,Entertainment and Media,Interactive Entertainment,20,interactive_entertainment.csv,Exact
EM_ME2,EM,ME2,Entertainment and Media,Media Networks,19,media_networks.csv,Exact
EM_ORI,EM,ORI,Entertainment and Media,Original Content,19,original_content.csv,Exact
EM_CAS,EM,CAS,Entertainment and Media,Casino Gaming,18,casino_games.csv,Fuzzy (80)
EM_SOC,EM,SOC,Entertainment and Media,Social Networking,17,social_networking_platforms.csv,Fuzzy (90)
EM_SP1,EM,SP1,Entertainment and Media,Sports Franchises,16,sports_franchises.csv,Exact
EM_GA1,EM,GA1,Entertainment and Media,Gaming Hardware,15,gaming_hardware.csv,Exact
EM_TRA,EM,TRA,Entertainment and Media,Travel Platform,15,travel_platform.csv,Exact
EM_FIL,EM,FIL,Entertainment and Media,Film Production,11,film_production.csv,Exact
EM_SO1,EM,SO1,Entertainment and Media,Social Networking,11,social_networks.csv,Fuzzy (88)
EM_MUS,EM,MUS,Entertainment and Media,Music Production,7,music_production.csv,Exact
EM_THE,EM,THE,Entertainment and Media,Theme Parks,5,theme_parks.csv,Exact
FI_ALT,FI,ALT,Financials,Alternative Investments,75,alternative_investments.csv,Exact
FI_BAN,FI,BAN,Financials,Banking Services,75,banking_services.csv,Exact
FI_CAP,FI,CAP,Financials,Capital Markets,75,capital_markets.csv,Exact
FI_COM,FI,COM,Financials,Commercial Banking,75,commercial_banking.csv,Exact
FI_CON,FI,CON,Financials,Consumer Banking,75,consumer_banking.csv,Exact
FI_CO1,FI,CO1,Financials,Consumer Finance,75,consumer_finance.csv,Exact
FI_CO2,FI,CO2,Financials,Consumer Loans,75,consumer_loans.csv,Exact
FI_DIG,FI,DIG,Financials,Digital Banking Expansion,75,expansion_of_digital_banking.csv,Fuzzy (95)
FI_FIN,FI,FIN,Financials,Financial Products,75,financial_products.csv,Exact
FI_FI1,FI,FI1,Financials,Financial Services,75,financial_services.csv,Exact
FI_FI2,FI,FI2,Financials,Financial Services,75,financial_services_for_smes.csv,Fuzzy (90)
FI_FI3,FI,FI3,Financials,Fintech Solutions,75,fintech_solutions.csv,Exact
FI_INS,FI,INS,Financials,Insurance Products,75,insurance_products.csv,Exact
FI_IN1,FI,IN1,Financials,Insurance Services,75,insurance_services.csv,Exact
FI_IN2,FI,IN2,Financials,Insurance Solutions,75,insurance_solutions.csv,Exact
FI_INV,FI,INV,Financials,Investment Management,75,investment_management.csv,Exact
FI_LOA,FI,LOA,Financials,Loan Origination,75,loan_origination.csv,Exact
FI_MOR,FI,MOR,Financials,Mortgage Banking,75,mortgage_banking.csv,Exact
FI_MO1,FI,MO1,Financials,Mortgage Financing Services,75,mortgage_financing_services.csv,Exact
FI_PAY,FI,PAY,Financials,Payment Solutions,75,payment_solutions.csv,Exact
FI_WEA,FI,WEA,Financials,Wealth Management Services,75,wealth_management_services.csv,Exact
FI_PRI,FI,PRI,Financials,Private Equity,65,private_equity.csv,Exact
FI_ESG,FI,ESG,Financials,ESG Investments,58,esg_investments.csv,Exact
FI_WE1,FI,WE1,Financials,Wealth Management Services,53,hotel_management.csv,Fuzzy (86)
FI_BA1,FI,BA1,Financials,Banking Technology,51,banking_technology.csv,Exact
FI_REI,FI,REI,Financials,Reinsurance,49,reinsurance.csv,Exact
FI_ONL,FI,ONL,Financials,Online Banking,47,online_banking.csv,Exact
FI_CRE,FI,CRE,Financials,Credit Services,40,credit_services.csv,Exact
FI_FI4,FI,FI4,Financials,Financial Marketplaces,40,financial_markets.csv,Fuzzy (87)
FI_DEP,FI,DEP,Financials,Deposit Services,39,deposit_services.csv,Exact
FI_DI1,FI,DI1,Financials,Digital Wallets,36,digital_wallets.csv,Exact
FI_CRY,FI,CRY,Financials,Cryptocurrency Trading,33,cryptocurrency_trading.csv,Exact
FI_RET,FI,RET,Financials,Retail Banking Innovation,33,innovation_in_retail_banking.csv,Fuzzy (95)
FI_DI2,FI,DI2,Financials,Digital Wallets,32,commitment_to_digital_health.csv,Fuzzy (86)
FI_GRE,FI,GRE,Financials,Green Bonds,31,green_bonds.csv,Exact
FI_SOC,FI,SOC,Financials,Socially Responsible Investing,31,socially_responsible_investment.csv,Fuzzy (92)
FI_MOB,FI,MOB,Financials,Mobile Payments,30,mobile_payments.csv,Exact
FI_IN3,FI,IN3,Financials,Investment Banking,25,investment_banking.csv,Exact
FI_VEN,FI,VEN,Financials,Venture Capital,21,venture_capital.csv,Exact
FI_MO2,FI,MO2,Financials,Mortgage REIT,20,mortgage_reit.csv,Exact
FI_SUS,FI,SUS,Financials,Sustainable Finance,20,sustainable_finance.csv,Exact
FI_MO3,FI,MO3,Financials,Mobile Payments,17,mobile_games.csv,Fuzzy (81)
FI_OPE,FI,OPE,Financials,Open Banking Solutions,14,open_banking_solutions.csv,Exact
FI_DEC,FI,DEC,Financials,Decentralized Finance,4,decentralized_finance.csv,Exact
HE_BIO,HE,BIO,Health,Biologic Drugs,75,biological_drugs.csv,Fuzzy (93)
HE_BI1,HE,BI1,Health,Biologics Solutions,75,biological_solutions.csv,Fuzzy (92)
HE_PHA,HE,PHA,Health,Pharmaceuticals,75,biopharmaceutical_alliances.csv,Fuzzy (84)
HE_BI2,HE,BI2,Health,Biopharmaceutical Manufacturing,75,biopharmaceutical_manufacturing.csv,Exact
HE_BI3,HE,BI3,Health,Biotech Treatments,75,biotechnological_treatments.csv,Fuzzy (86)
HE_CLI,HE,CLI,Health,Clinical Trials,75,clinical_trials.csv,Exact
HE_DRU,HE,DRU,Health,Drug Development,75,drug_development.csv,Exact
HE_HEA,HE,HEA,Health,Healthcare Solutions,75,healthcare_solutions.csv,Exact
HE_HE1,HE,HE1,Health,Healthcare Services,75,health_care_services.csv,Fuzzy (97)
HE_LIF,HE,LIF,Health,Life Sciences,75,life_sciences.csv,Exact
HE_MED,HE,MED,Health,Medical Devices,75,medical_devices.csv,Exact
HE_ONC,HE,ONC,Health,Oncology Research,75,oncology_research.csv,Exact
HE_PH1,HE,PH1,Health,Pharmaceuticals,75,pharmaceuticals.csv,Exact
HE_NEU,HE,NEU,Health,Neuroscience,71,neuroscience.csv,Exact
HE_IMM,HE,IMM,Health,Immunology,70,immunology.csv,Exact
HE_DR1,HE,DR1,Health,Drug Commercialization,66,drug_marketing.csv,Fuzzy (86)
HE_CAR,HE,CAR,Health,Cardiovascular Disease,62,cardiovascular_disease.csv,Exact
HE_ME1,HE,ME1,Health,Medical Innovation,58,medical_innovation.csv,Exact
HE_HE2,HE,HE2,Health,Healthcare Diagnostics,57,healthcare_diagnosis.csv,Fuzzy (95)
HE_HE3,HE,HE3,Health,Healthcare Automation,54,healthcare_automation.csv,Exact
HE_BI4,HE,BI4,Health,Biotechnology Leader,54,leader_in_biotechnology.csv,Fuzzy (95)
HE_HE4,HE,HE4,Health,Healthcare Materials,50,health_care_materials.csv,Fuzzy (98)
HE_GEN,HE,GEN,Health,Genetic Medicines,49,genetic_medications.csv,Fuzzy (89)
HE_ME2,HE,ME2,Health,Medical Supplies,46,medical_supplies.csv,Exact
HE_CON,HE,CON,Health,Consumer Health Products,45,consumer_health_products.csv,Exact
HE_PER,HE,PER,Health,Personalized Medicine,45,personalized_medicine.csv,Exact
HE_GE1,HE,GE1,Health,Gene Therapy,36,gene_therapy.csv,Exact
HE_GE2,HE,GE2,Health,Genomic Medicine,30,genomic_medicine.csv,Exact
HE_MEN,HE,MEN,Health,Mental Health Services,30,mental_health_services.csv,Exact
HE_PAI,HE,PAI,Health,Pain Management,30,pain_management.csv,Exact
HE_PE1,HE,PE1,Health,Personal Care Products,30,personal_care_products.csv,Exact
HE_HE5,HE,HE5,Health,Healthcare Monitoring,27,health_care_monitoring.csv,Fuzzy (98)
HE_HE6,HE,HE6,Health,Healthcare Retail,25,healthcare_retail.csv,Exact
HE_TEL,HE,TEL,Health,Telehealth,25,telehealth.csv,Exact
HE_DIA,HE,DIA,Health,Diabetes Treatments,21,diabetes_treatments.csv,Exact
HE_PET,HE,PET,Health,Pet Care Products,21,pet_care_products.csv,Exact
HE_NUT,HE,NUT,Health,Nutraceuticals,20,nutraceuticals.csv,Exact
HE_TE1,HE,TE1,Health,Telemedicine,19,telemedicine.csv,Exact
HE_ME3,HE,ME3,Health,Medical Imaging AI,17,medical_imaging_ai.csv,Exact
HE_OBE,HE,OBE,Health,Obesity Treatments,17,treatments_for_obesity.csv,Fuzzy (95)
HE_BI5,HE,BI5,Health,Biosimilars,16,biosimilars.csv,Exact
HE_SUR,HE,SUR,Health,Surgical Robotics,15,surgical_robotics.csv,Exact
HE_REG,HE,REG,Health,Regenerative Medicine,12,regenerative_medicine.csv,Exact
HE_BI6,HE,BI6,Health,Biopharma Royalties,10,biopharma_royalties.csv,Exact
HE_PH2,HE,PH2,Health,Pharmacy Benefit Management,9,pharmacy_benefit_management.csv,Exact
HE_CRI,HE,CRI,Health,CRISPR Technology,6,crispr_technology.csv,Exact
HE_GE3,HE,GE3,Health,Gene Editing,6,genetic_editing.csv,Fuzzy (89)
HE_DIG,HE,DIG,Health,Digital Therapeutics,1,digital_therapies.csv,Fuzzy (86)
HO_HOS,HO,HOS,Hospitality,Hospitality Industry,75,hospitality_industry.csv,Exact
HO_FOO,HO,FOO,Hospitality,Foodservice Solutions,54,food_service_solutions.csv,Fuzzy (98)
HO_HOT,HO,HOT,Hospitality,Hotel Operations,40,hotel_operations.csv,Exact
HO_LUX,HO,LUX,Hospitality,Luxury Hotels,29,luxury_hotels.csv,Exact
IN_AER,IN,AER,Industrial,Aerospace Manufacturing,75,aerospace_manufacturing.csv,Exact
IN_ELE,IN,ELE,Industrial,Electrical Components & Equipment,75,automobile_components.csv,Fuzzy (86)
IN_CIV,IN,CIV,Industrial,Civil Infrastructure,75,civil_infrastructure.csv,Exact
IN_CON,IN,CON,Industrial,Construction Services,75,construction_services.csv,Exact
IN_EL1,IN,EL1,Industrial,Electrical Components & Equipment,75,electrical_components_and_equipment.csv,Fuzzy (96)
IN_EL2,IN,EL2,Industrial,Electrical Components & Equipment,75,electrical_service.csv,Fuzzy (86)
IN_ENV,IN,ENV,Industrial,Environmental Technologies,75,environmental_technologies.csv,Exact
IN_IND,IN,IND,Industrial,Industrial Applications,75,industrial_applications.csv,Exact
IN_IN1,IN,IN1,Industrial,Industrial Automation,75,industrial_automation.csv,Exact
IN_IN2,IN,IN2,Industrial,Industrial Diversification,75,industrial_diversification.csv,Exact
IN_IN3,IN,IN3,Industrial,Industrial Products,75,industrial_products.csv,Exact
IN_IN4,IN,IN4,Industrial,Industrial Technologies,75,industrial_technologies.csv,Exact
IN_INF,IN,INF,Industrial,Infrastructure Development,75,infrastructure_development.csv,Exact
IN_SMA,IN,SMA,Industrial,Smart Infrastructure,75,smart_infrastructure.csv,Exact
IN_CO1,IN,CO1,Industrial,Construction Materials,72,construction_materials.csv,Exact
IN_IN5,IN,IN5,Industrial,Industrial Machinery,67,industrial_machinery.csv,Exact
IN_ENG,IN,ENG,Industrial,Engineering Services,64,engineering_services.csv,Exact
IN_SUS,IN,SUS,Industrial,Sustainable Products,58,sustainable_products.csv,Exact
IN_CHE,IN,CHE,Industrial,Chemical Manufacturing,56,chemical_manufacturing.csv,Exact
IN_MAN,IN,MAN,Industrial,Manufacturing,54,manufacturing_of_electronic_products.csv,Fuzzy (90)
IN_WAT,IN,WAT,Industrial,Water Treatment,54,water_treatment.csv,Exact
IN_IN6,IN,IN6,Industrial,Industrial Electronics,52,industrial_electronics.csv,Exact
IN_IN7,IN,IN7,Industrial,Industrial Digitization,44,industrial_digitalization.csv,Fuzzy (96)
IN_AE1,IN,AE1,Industrial,Aerospace Materials,41,aerospace_materials.csv,Exact
IN_BEV,IN,BEV,Industrial,Beverage Manufacturing,40,beverage_manufacturing.csv,Exact
IN_SU1,IN,SU1,Industrial,Sustainable Infrastructure,40,sustainable_infrastructure.csv,Exact
IN_FOO,IN,FOO,Industrial,Food Processing,39,food_processing.csv,Exact
IN_IN8,IN,IN8,Industrial,Industrial Chemicals,39,industrial_chemicals.csv,Exact
IN_MA1,IN,MA1,Industrial,Manufacturing,39,metal_manufacturing.csv,Fuzzy (95)
IN_MA2,IN,MA2,Industrial,Manufacturing,38,clothing_manufacturing.csv,Fuzzy (90)
IN_IND_10,IN,IND_10,Industrial,Industrial Supplies,38,industrial_supplies.csv,Exact
IN_REC,IN,REC,Industrial,Recycling Services,38,recycling_services.csv,Exact
IN_IND_11,IN,IND_11,Industrial,Industrial Distribution,36,industrial_distribution.csv,Exact
IN_CIR,IN,CIR,Industrial,Circular Economy,35,circular_economy.csv,Exact
IN_HEA,IN,HEA,Industrial,Heavy Industry Supply,34,heavy_industry_supply.csv,Exact
IN_CO2,IN,CO2,Industrial,Construction Technology,33,construction_technology.csv,Exact
IN_IND_12,IN,IND_12,Industrial,Industrial Sensors,33,industrial_sensors.csv,Exact
IN_CHI,IN,CHI,Industrial,Chip Manufacturing,32,chip_manufacturing.csv,Exact
IN_IND_13,IN,IND_13,Industrial,Industrial Software,29,industrial_software.csv,Exact
IN_STE,IN,STE,Industrial,Steel Industry,29,steel_industry.csv,Exact
IN_NAN,IN,NAN,Industrial,Nanotechnology Applications,25,nanotechnology_applications.csv,Exact
IN_FOR,IN,FOR,Industrial,Forest Products,21,forest_products.csv,Exact
IN_IND_14,IN,IND_14,Industrial,Industrial Coatings,19,industrial_coatings.csv,Exact
IN_PAP,IN,PAP,Industrial,Paper Products,19,paper_products.csv,Exact
IN_AGR,IN,AGR,Industrial,Agricultural Chemicals,17,agricultural_chemicals.csv,Exact
IN_IND_15,IN,IND_15,Industrial,Industrial Fasteners,17,industrial_fasteners.csv,Exact
IN_WAS,IN,WAS,Industrial,Waste Management,16,waste_management.csv,Exact
IN_IND_16,IN,IND_16,Industrial,Industrial Gas Turbine,11,industrial_gas_turbine.csv,Exact
IN_MET,IN,MET,Industrial,Metal Recycling Technology,10,metal_recycling_technology.csv,Exact
IN_ST1,IN,ST1,Industrial,Steel Recycling Leader,9,leader_in_steel_recycling.csv,Fuzzy (95)
IN_IND_17,IN,IND_17,Industrial,Industrial Prototyping,7,industrial_prototyping.csv,Exact
MM_MIN,MM,MIN,Materials and Mining,Mineral Reserves,31,mineral_reserves.csv,Exact
MM_BIO,MM,BIO,Materials and Mining,Bioplastics & Sustainable Packaging,25,bioplastics_and_sustainable_packaging.csv,Fuzzy (96)
MM_MI1,MM,MI1,Materials and Mining,Mining Innovation,21,innovation_in_mining.csv,Fuzzy (95)
MM_CRI,MM,CRI,Materials and Mining,Critical Minerals,20,critical_minerals.csv,Exact
MM_MI2,MM,MI2,Materials and Mining,Mining Equipment,20,mining_equipment.csv,Exact
MM_MI3,MM,MI3,Materials and Mining,Mining Services,20,mining_services.csv,Exact
MM_PRE,MM,PRE,Materials and Mining,Precious Metals,19,precious_metals.csv,Exact
MM_MI4,MM,MI4,Materials and Mining,Mining Exploration,18,mining_exploration.csv,Exact
MM_ALU,MM,ALU,Materials and Mining,Aluminum Production,14,aluminum_production.csv,Exact
MM_GOL,MM,GOL,Materials and Mining,Gold Production,13,gold_production.csv,Exact
MM_COP,MM,COP,Materials and Mining,Copper Mining,11,copper_mining.csv,Exact
MM_MI5,MM,MI5,Materials and Mining,Mining Equipment,8,agricultural_equipment_iot.csv,Fuzzy (86)
MM_LIT,MM,LIT,Materials and Mining,Lithium Production,7,lithium_production.csv,Exact
MM_IRO,MM,IRO,Materials and Mining,Iron Ore Mining,6,iron_mining.csv,Fuzzy (95)
MM_RAR,MM,RAR,Materials and Mining,Rare Earth Elements,5,rare_earth_elements.csv,Exact
TE_DAT,TE,DAT,Technology,Data Centers,75,data_centers.csv,Exact
TE_OPT,TE,OPT,Technology,Optoelectronics,46,optoelectronics.csv,Exact
TE_SMA,TE,SMA,Technology,Smartphones,40,smart_phones.csv,Fuzzy (96)
TE_MEM,TE,MEM,Technology,Memory Chips,31,memory_chips.csv,Exact
TE_PCM,TE,PCM,Technology,PC Manufacturing,27,pc_manufacturing.csv,Exact
TE_PRO,TE,PRO,Technology,Professional Visualization,15,professional_visualization.csv,Exact
TE_SYN,TE,SYN,Technology,Synthetic Biology,5,synthetic_biology.csv,Exact
PS_CON,PS,CON,Professional Services,Consulting Services,74,consulting_services.csv,Exact
PS_MAR,PS,MAR,Professional Services,Marketing Services,60,marketing_services.csv,Exact
RE_COM,RE,COM,Real Estate,Commercial Real Estate,75,commercial_real_estate.csv,Exact
RE_CO1,RE,CO1,Real Estate,Commercial Real Estate,75,estate.csv,Fuzzy (90)
RE_URB,RE,URB,Real Estate,Urban Housing,75,housing_construction.csv,Fuzzy (86)
RE_MUL,RE,MUL,Real Estate,Multi-Family Residential,75,multifamily_residential.csv,Exact
RE_PRO,RE,PRO,Real Estate,Property Leasing,75,property_leasing.csv,Exact
RE_PR1,RE,PR1,Real Estate,Property Management,75,property_management.csv,Exact
RE_REA,RE,REA,Real Estate,Real Estate Development,75,real_estate_development.csv,Exact
RE_RE1,RE,RE1,Real Estate,Real Estate Investment Trust,75,real_estate_investment_fund.csv,Fuzzy (87)
RE_RES,RE,RES,Real Estate,Residential Real Estate,75,residential_real_estate.csv,Exact
RE_UR1,RE,UR1,Real Estate,Urban Real Estate,71,urban_real_estate.csv,Exact
RE_AFF,RE,AFF,Real Estate,Affordable Housing,63,affordable_housing.csv,Exact
RE_UR2,RE,UR2,Real Estate,Urban Property Development,61,urban_property_development.csv,Exact
RE_PR2,RE,PR2,Real Estate,Property Redevelopment,59,property_redevelopment.csv,Exact
RE_UR3,RE,UR3,Real Estate,Urban Real Estate,56,real_estate_market_resilience.csv,Fuzzy (86)
RE_ENE,RE,ENE,Real Estate,Energy-efficient Homes,37,energy_efficient_homes.csv,Fuzzy (98)
RE_RET,RE,RET,Real Estate,Retail REIT,37,retail_reit.csv,Exact
RE_RE2,RE,RE2,Real Estate,Residential REIT,34,residential_reit.csv,Exact
RE_UR4,RE,UR4,Real Estate,Urban Property Development,31,urban_transport.csv,Fuzzy (86)
RE_IND,RE,IND,Real Estate,Industrial Real Estate,25,industrial_real_estate.csv,Exact
RE_RE3,RE,RE3,Real Estate,Real Estate Investment Trust,24,impact_investment.csv,Fuzzy (86)
RE_SIN,RE,SIN,Real Estate,Single-family Rentals,23,singlefamily_home_rentals.csv,Fuzzy (95)
RE_UR5,RE,UR5,Real Estate,Urban Housing,23,urban_housing.csv,Exact
RE_RE4,RE,RE4,Real Estate,Real Estate Innovation,20,innovation_in_real_estate.csv,Fuzzy (95)
RE_DAT,RE,DAT,Real Estate,Data Center REITs,8,data_center_reits.csv,Exact
TE_AII,TE,AII,Technology,AI Infrastructure,75,ai_infrastructure.csv,Exact
TE_AI1,TE,AI1,Technology,AI In Healthcare,75,ai_in_healthcare.csv,Exact
TE_ART,TE,ART,Technology,Artificial Intelligence,75,artificial_intelligence.csv,Exact
TE_CLO,TE,CLO,Technology,Cloud Computing,75,cloud_computing.csv,Exact
TE_CL1,TE,CL1,Technology,Cloud Services,75,cloud_services.csv,Exact
TE_CL2,TE,CL2,Technology,Cloud Software,75,cloud_software.csv,Exact
TE_CYB,TE,CYB,Technology,Cybersecurity,75,cybersecurity.csv,Exact
TE_DA1,TE,DA1,Technology,Data Analytics,75,data_analysis.csv,Fuzzy (89)
TE_DIG,TE,DIG,Technology,Digital Solutions,75,digital_solutions.csv,Exact
TE_DI1,TE,DI1,Technology,Digital Transformation,75,digital_transformation.csv,Exact
TE_AIE,TE,AIE,Technology,AI Enterprise Integration,75,enterprise_ai_integration.csv,Fuzzy (95)
TE_ENT,TE,ENT,Technology,Enterprise Software,75,enterprise_software.csv,Exact
TE_GEN,TE,GEN,Technology,Generative AI & LLMs,75,generative_ai_and_llms.csv,Fuzzy (95)
TE_INT,TE,INT,Technology,Internet Of Things,75,internet_of_things.csv,Exact
TE_ITS,TE,ITS,Technology,IT Solutions,75,it_solutions.csv,Exact
TE_MAC,TE,MAC,Technology,Machine Learning,75,machine_learning.csv,Exact
TE_SAA,TE,SAA,Technology,SaaS,75,SaaS.csv,Exact
TE_SEM,TE,SEM,Technology,Semiconductor Chips,75,semiconductor_chips.csv,Exact
TE_DI2,TE,DI2,Technology,Digital Economy,73,digital_economy.csv,Exact
TE_AI2,TE,AI2,Technology,AI In Fintech,68,ai_in_fintech.csv,Exact
TE_APP,TE,APP,Technology,Application Development,68,application_development.csv,Exact
TE_CL3,TE,CL3,Technology,Cloud Infrastructure,65,cloud_infrastructure.csv,Exact
TE_ACC,TE,ACC,Technology,Accelerated Computing,59,accelerated_computing.csv,Exact
TE_ELE,TE,ELE,Technology,Electronic Components,56,electronic_components.csv,Exact
TE_SE1,TE,SE1,Technology,Semiconductor Manufacturing,56,semiconductor_manufacturing.csv,Exact
TE_DI3,TE,DI3,Technology,Digital Marketing Technology,54,digital_marketing_technology.csv,Exact
TE_DA2,TE,DA2,Technology,Data Infrastructure,53,data_infrastructure.csv,Exact
TE_BIG,TE,BIG,Technology,Big Data,52,big_data.csv,Exact
TE_CON,TE,CON,Technology,Content Creation,52,content_creation.csv,Exact
TE_HYB,TE,HYB,Technology,Hybrid Cloud Computing,51,hybrid_cloud_computing.csv,Exact
TE_IN1,TE,IN1,Technology,Internet Infrastructure,51,internet_infrastructure.csv,Exact
TE_AIC,TE,AIC,Technology,AI Chips,49,ai_chips.csv,Exact
TE_EL1,TE,EL1,Technology,Electronic Devices,46,electronic_commerce_logistics.csv,Fuzzy (86)
TE_ROB,TE,ROB,Technology,Robotics,46,robotics.csv,Exact
TE_EL2,TE,EL2,Technology,Electronic Devices,45,electronic_devices.csv,Exact
TE_DA3,TE,DA3,Technology,Data Security,42,data_security.csv,Exact
TE_REG,TE,REG,Technology,Regulatory Technology,40,regulatory_technology.csv,Exact
TE_COM,TE,COM,Technology,Communication Tools,39,communication_tools.csv,Exact
TE_SER,TE,SER,Technology,Servers,39,servers.csv,Exact
TE_CL4,TE,CL4,Technology,Cloud Storage,36,cloud_storage.csv,Exact
TE_EDG,TE,EDG,Technology,Edge Computing,35,computing_at_the_edge.csv,Fuzzy (86)
TE_NET,TE,NET,Technology,Network Security,33,network_security.csv,Exact
TE_BLO,TE,BLO,Technology,Blockchain Technology,31,blockchain_technology.csv,Exact
TE_EDU,TE,EDU,Technology,Education Technology,31,educational_technology.csv,Fuzzy (95)
TE_EL3,TE,EL3,Technology,Electronics Innovation,29,electronic_innovation.csv,Fuzzy (98)
TE_SE2,TE,SE2,Technology,Semiconductor Equipment,29,semiconductor_equipment.csv,Exact
TE_AI3,TE,AI3,Technology,AI Consulting,24,ai_consulting.csv,Exact
TE_DI4,TE,DI4,Technology,Digital Twin Technology,24,digital_twin_technology.csv,Exact
TE_MIC,TE,MIC,Technology,Microelectronics,23,microelectronics.csv,Exact
TE_WEA,TE,WEA,Technology,Wearables,23,wearable_devices.csv,Fuzzy (80)
TE_ITC,TE,ITC,Technology,IT Consulting,21,it_consulting.csv,Exact
TE_PRI,TE,PRI,Technology,Privacy Compliance,21,privacy_compliance.csv,Exact
TE_SEA,TE,SEA,Technology,Search Engine Services,21,search_engine_services.csv,Exact
TE_BL1,TE,BL1,Technology,Blockchain Services,20,blockchain_services.csv,Exact
TE_AUG,TE,AUG,Technology,Augmented Reality,19,augmented_reality.csv,Exact
TE_SE3,TE,SE3,Technology,Semiconductor Materials,19,semiconductor_materials.csv,Exact
TE_VIR,TE,VIR,Technology,Virtual Reality,19,virtual_reality.csv,Exact
TE_RO1,TE,RO1,Technology,Robotic Process Automation,18,robotic_process_automation.csv,Exact
TE_ZER,TE,ZER,Technology,Zero-Trust Cybersecurity,18,zero_trust_cybersecurity.csv,Fuzzy (98)
TE_MET,TE,MET,Technology,Metaverse,17,metaverse.csv,Exact
TE_QUA,TE,QUA,Technology,Quantum Computing,17,quantum_computing.csv,Exact
TE_THR,TE,THR,Technology,Threat Intelligence,17,threat_intelligence.csv,Exact
TE_OPE,TE,OPE,Technology,Operating Systems,16,operating_systems.csv,Exact
TE_3DP,TE,3DP,Technology,3D Printing & Additive Manufacturing,13,3d_printing_and_additive_manufacturing.csv,Fuzzy (96)
TE_LOW,TE,LOW,Technology,Low Code/No Code Development,13,low_code_no_code_development.csv,Fuzzy (98)
TE_OP1,TE,OP1,Technology,Open Source,13,open_source.csv,Exact
TE_VI1,TE,VI1,Technology,Virtual Events & Conferencing Software,12,virtual_events_and_conference_software.csv,Fuzzy (91)
TE_NFT,TE,NFT,Technology,NFT Marketplaces,7,nft_marketplaces.csv,Exact
TC_TEL,TC,TEL,Telecommunications,Telecommunications Infrastructure,67,telecommunications_infrastructure.csv,Exact
TC_5GI,TC,5GI,Telecommunications,5G Infrastructure,63,5g_infrastructure.csv,Exact
TC_5GT,TC,5GT,Telecommunications,5G Technology Support,54,5g_technology_support.csv,Exact
TC_FIB,TC,FIB,Telecommunications,Fiber Optic Communications,48,fiber_optic_communications.csv,Exact
TC_BRO,TC,BRO,Telecommunications,Broadband Services,46,broadband_services.csv,Exact
TC_WIR,TC,WIR,Telecommunications,Wireless Infrastructure,45,wireless_infrastructure.csv,Exact
TC_TE1,TC,TE1,Telecommunications,Telecommunications Equipment,43,telecommunications_equipment.csv,Exact
TC_WI1,TC,WI1,Telecommunications,Wireless Services,43,wireless_services.csv,Exact
TC_SAT,TC,SAT,Telecommunications,Satellite Technology,38,satellite_technology.csv,Exact
TC_5G1,TC,5G1,Telecommunications,5G Technology Support,34,5g_deployment.csv,Fuzzy (86)
TC_SA1,TC,SA1,Telecommunications,Satellite Communications,24,satellite_communications.csv,Exact
TL_AUT,TL,AUT,Transportation and Logistics,Automotive Aftermarket,75,automotive_aftermarket.csv,Exact
TL_SUP,TL,SUP,Transportation and Logistics,Supply Chain Management,75,supply_chain_management.csv,Exact
TL_SU1,TL,SU1,Transportation and Logistics,Supply Chain Solutions,75,supply_chain_solutions.csv,Exact
TL_IND,TL,IND,Transportation and Logistics,Industrial Transportation,75,transport.csv,Fuzzy (90)
TL_GLO,TL,GLO,Transportation and Logistics,Global Logistics,71,global_logistics.csv,Exact
TL_COM,TL,COM,Transportation and Logistics,Commercial Fleets,68,commercial_fleets.csv,Exact
TL_LOG,TL,LOG,Transportation and Logistics,Logistics Network,62,logistics_network.csv,Exact
TL_WAR,TL,WAR,Transportation and Logistics,Warehouse Management,56,warehouse_management.csv,Exact
TL_INV,TL,INV,Transportation and Logistics,Inventory Management,54,inventory_management.csv,Exact
TL_MOB,TL,MOB,Transportation and Logistics,Mobility Solutions,54,mobility_solutions.csv,Exact
TL_LO1,TL,LO1,Transportation and Logistics,Logistics Innovation,50,innovation_in_logistics.csv,Fuzzy (95)
TL_AIR,TL,AIR,Transportation and Logistics,Airlines,41,airlines.csv,Exact
TL_CAR,TL,CAR,Transportation and Logistics,Cargo Services,37,cargo_services.csv,Exact
TL_AU1,TL,AU1,Transportation and Logistics,Automotive Logistics,36,automotive_logistics.csv,Exact
TL_SU2,TL,SU2,Transportation and Logistics,Supply Chain Automation,36,supply_chain_automation.csv,Exact
TL_LAS,TL,LAS,Transportation and Logistics,Last-mile Logistics,35,last_mile_logistics.csv,Fuzzy (97)
TL_IN1,TL,IN1,Transportation and Logistics,Industrial Transportation,33,industrial_transportation.csv,Exact
TL_FOO,TL,FOO,Transportation and Logistics,Foodservice Distribution,30,food_service_distribution.csv,Fuzzy (98)
TL_SMA,TL,SMA,Transportation and Logistics,Smart Mobility,30,smart_mobility.csv,Exact
TL_FLE,TL,FLE,Transportation and Logistics,Fleet Management Solutions,29,fleet_management_solutions.csv,Exact
TL_AU2,TL,AU2,Transportation and Logistics,Automotive E-commerce,24,automotive_ecommerce.csv,Exact
TL_HYB,TL,HYB,Transportation and Logistics,Hybrid Vehicles,23,hybrid_vehicles.csv,Exact
TL_TRA,TL,TRA,Transportation and Logistics,Transportation,23,transportation_of_goods_by_rail.csv,Fuzzy (90)
TL_TR1,TL,TR1,Transportation and Logistics,Transportation,19,cargo_transportation.csv,Fuzzy (95)
TL_FRE,TL,FRE,Transportation and Logistics,Freight Brokerage,19,freight_brokerage.csv,Exact
TL_ELE,TL,ELE,Transportation and Logistics,Electric Aviation,18,electric_aviation.csv,Exact
TL_DRO,TL,DRO,Transportation and Logistics,Drone Delivery Systems,14,drone_delivery_systems.csv,Exact
TL_VEH,TL,VEH,Transportation and Logistics,Vehicle-to-grid Technology,13,vehicle_to_grid_technology.csv,Fuzzy (96)
TL_CA1,TL,CA1,Transportation and Logistics,Car Rental Integration,12,car_rental_integration.csv,Exact
TL_CRU,TL,CRU,Transportation and Logistics,Cruise Operations,8,cruise_operations.csv,Exact
TL_RID,TL,RID,Transportation and Logistics,Ride-sharing Services,8,ride_sharing_services.csv,Fuzzy (98)
TE_AIP,TE,AIP,Technology,Aipowered Insights,75,aipowered_insights.csv,
CR_PHY,CR,PHY,Consumer and Retail,Physical Presence,75,physical_presence.csv,
HE_ON1,HE,ON1,Health,Oncological Medications,64,oncological_medications.csv,
TE_BUS,TE,BUS,Technology,Business Networks,62,business_networks.csv,
TL_MAR,TL,MAR,Transportation and Logistics,Maritime Transport,55,maritime_transport.csv,
CR_BAS,CR,BAS,Consumer and Retail,Basic Consumer Goods,46,basic_consumer_goods.csv,
CR_HO1,CR,HO1,Consumer and Retail,Home Furniture,46,home_furniture.csv,
TE_IN2,TE,IN2,Technology,Integrated Circuits,39,integrated_circuits.csv,
EU_NUC,EU,NUC,Energy and Utilities,Nuclear Power,38,nuclear_power.csv,
FI_IN4,FI,IN4,Financials,Institutional Negotiation,37,institutional_negotiation.csv,
RE_BUI,RE,BUI,Real Estate,Building Code Compliance,33,building_code_compliance.csv,
FI_IN5,FI,IN5,Financials,Insurtech Associations,26,insurtech_associations.csv,
MM_MI6,MM,MI6,Materials and Mining,Mining Rights,23,mining_rights.csv,
FI_STO,FI,STO,Financials,Stock Markets,22,stock_markets.csv,
TL_MA1,TL,MA1,Transportation and Logistics,Maritime Routes,16,maritime_routes.csv,
CR_STO,CR,STO,Consumer and Retail,Store Furniture,14,store_furniture.csv,
AG_ORG,AG,ORG,Agriculture,Organic Agriculture,7,organic_agriculture.csv,
